# theta0,theta1
8499.59964993,-0.02144896
